<?xml version="1.0"?>
<interface>
  <requires lib="gtk+" version="2.16"/>
  <!-- interface-naming-policy project-wide -->
  <object class="GtkWindow" id="window_main">
    <property name="border_width">3</property>
    <signal name="destroy" handler="on_window_main_destroy"/>
    <child>
      <object class="GtkHBox" id="hbox_main">
        <property name="visible">True</property>
        <child>
          <object class="GtkVBox" id="vbox_graphs">
            <property name="width_request">400</property>
            <property name="visible">True</property>
            <child>
              <object class="GtkHBox" id="hbox_graph_best">
                <property name="height_request">400</property>
                <property name="visible">True</property>
                <child>
                  <placeholder/>
                </child>
              </object>
              <packing>
                <property name="position">0</property>
              </packing>
            </child>
            <child>
              <object class="GtkHBox" id="hbox_graph_hist">
                <property name="height_request">200</property>
                <property name="visible">True</property>
                <child>
                  <placeholder/>
                </child>
              </object>
              <packing>
                <property name="position">1</property>
              </packing>
            </child>
          </object>
          <packing>
            <property name="position">0</property>
          </packing>
        </child>
        <child>
          <object class="GtkVSeparator" id="vseparator1">
            <property name="visible">True</property>
          </object>
          <packing>
            <property name="expand">False</property>
            <property name="padding">5</property>
            <property name="position">1</property>
          </packing>
        </child>
        <child>
          <object class="GtkVBox" id="vbox_settings">
            <property name="visible">True</property>
            <child>
              <object class="GtkTable" id="table_position">
                <property name="visible">True</property>
                <property name="n_rows">3</property>
                <property name="n_columns">3</property>
                <property name="column_spacing">3</property>
                <property name="row_spacing">3</property>
                <child>
                  <object class="GtkLabel" id="label_empty">
                    <property name="visible">True</property>
                  </object>
                </child>
                <child>
                  <object class="GtkLabel" id="label_A">
                    <property name="visible">True</property>
                    <property name="label" translatable="yes">A</property>
                  </object>
                  <packing>
                    <property name="top_attach">1</property>
                    <property name="bottom_attach">2</property>
                  </packing>
                </child>
                <child>
                  <object class="GtkLabel" id="label_B">
                    <property name="visible">True</property>
                    <property name="label" translatable="yes">B</property>
                  </object>
                  <packing>
                    <property name="top_attach">2</property>
                    <property name="bottom_attach">3</property>
                  </packing>
                </child>
                <child>
                  <object class="GtkLabel" id="label_x">
                    <property name="visible">True</property>
                    <property name="label" translatable="yes">x</property>
                  </object>
                  <packing>
                    <property name="left_attach">1</property>
                    <property name="right_attach">2</property>
                  </packing>
                </child>
                <child>
                  <object class="GtkLabel" id="label_y">
                    <property name="visible">True</property>
                    <property name="label" translatable="yes">y</property>
                  </object>
                  <packing>
                    <property name="left_attach">2</property>
                    <property name="right_attach">3</property>
                  </packing>
                </child>
                <child>
                  <object class="GtkSpinButton" id="input_Ax">
                    <property name="visible">True</property>
                    <property name="can_focus">True</property>
                    <property name="invisible_char">&#x25CF;</property>
                    <property name="adjustment">adjust_Ax</property>
                    <property name="digits">1</property>
                    <property name="numeric">True</property>
                  </object>
                  <packing>
                    <property name="left_attach">1</property>
                    <property name="right_attach">2</property>
                    <property name="top_attach">1</property>
                    <property name="bottom_attach">2</property>
                  </packing>
                </child>
                <child>
                  <object class="GtkSpinButton" id="input_Ay">
                    <property name="visible">True</property>
                    <property name="can_focus">True</property>
                    <property name="invisible_char">&#x25CF;</property>
                    <property name="adjustment">adjust_Ay</property>
                    <property name="digits">1</property>
                    <property name="numeric">True</property>
                  </object>
                  <packing>
                    <property name="left_attach">2</property>
                    <property name="right_attach">3</property>
                    <property name="top_attach">1</property>
                    <property name="bottom_attach">2</property>
                  </packing>
                </child>
                <child>
                  <object class="GtkSpinButton" id="input_Bx">
                    <property name="visible">True</property>
                    <property name="can_focus">True</property>
                    <property name="invisible_char">&#x25CF;</property>
                    <property name="adjustment">adjust_Bx</property>
                    <property name="digits">1</property>
                    <property name="numeric">True</property>
                  </object>
                  <packing>
                    <property name="left_attach">1</property>
                    <property name="right_attach">2</property>
                    <property name="top_attach">2</property>
                    <property name="bottom_attach">3</property>
                  </packing>
                </child>
                <child>
                  <object class="GtkSpinButton" id="input_By">
                    <property name="visible">True</property>
                    <property name="can_focus">True</property>
                    <property name="invisible_char">&#x25CF;</property>
                    <property name="adjustment">adjust_By</property>
                    <property name="digits">1</property>
                    <property name="numeric">True</property>
                  </object>
                  <packing>
                    <property name="left_attach">2</property>
                    <property name="right_attach">3</property>
                    <property name="top_attach">2</property>
                    <property name="bottom_attach">3</property>
                  </packing>
                </child>
              </object>
              <packing>
                <property name="position">0</property>
              </packing>
            </child>
            <child>
              <object class="GtkHSeparator" id="hseparator3">
                <property name="height_request">10</property>
                <property name="visible">True</property>
              </object>
              <packing>
                <property name="expand">False</property>
                <property name="position">1</property>
              </packing>
            </child>
            <child>
              <object class="GtkTable" id="table_population">
                <property name="visible">True</property>
                <property name="n_rows">10</property>
                <property name="n_columns">2</property>
                <property name="row_spacing">3</property>
                <child>
                  <object class="GtkLabel" id="label_population_size">
                    <property name="visible">True</property>
                    <property name="xalign">0</property>
                    <property name="xpad">10</property>
                    <property name="label" translatable="yes">Population size</property>
                  </object>
                  <packing>
                    <property name="x_options">GTK_FILL</property>
                  </packing>
                </child>
                <child>
                  <object class="GtkSpinButton" id="input_population_size">
                    <property name="width_request">200</property>
                    <property name="visible">True</property>
                    <property name="can_focus">True</property>
                    <property name="invisible_char">&#x25CF;</property>
                    <property name="adjustment">adjust_population_size</property>
                    <property name="climb_rate">0.10000000000000001</property>
                    <property name="numeric">True</property>
                    <signal name="value_changed" handler="on_input_population_size_value_changed"/>
                  </object>
                  <packing>
                    <property name="left_attach">1</property>
                    <property name="right_attach">2</property>
                  </packing>
                </child>
                <child>
                  <object class="GtkLabel" id="label_elitism">
                    <property name="visible">True</property>
                    <property name="xalign">0</property>
                    <property name="xpad">10</property>
                    <property name="label" translatable="yes">Elitism (%)</property>
                  </object>
                  <packing>
                    <property name="top_attach">1</property>
                    <property name="bottom_attach">2</property>
                    <property name="x_options">GTK_FILL</property>
                  </packing>
                </child>
                <child>
                  <object class="GtkLabel" id="label_selection">
                    <property name="visible">True</property>
                    <property name="xalign">0</property>
                    <property name="xpad">10</property>
                    <property name="label" translatable="yes">Selection type</property>
                  </object>
                  <packing>
                    <property name="top_attach">2</property>
                    <property name="bottom_attach">3</property>
                    <property name="x_options">GTK_FILL</property>
                  </packing>
                </child>
                <child>
                  <object class="GtkHScale" id="input_elitism">
                    <property name="width_request">100</property>
                    <property name="visible">True</property>
                    <property name="can_focus">True</property>
                    <property name="adjustment">adjust_elitism</property>
                    <property name="digits">2</property>
                    <property name="value_pos">left</property>
                    <signal name="value_changed" handler="on_input_elitism_value_changed"/>
                  </object>
                  <packing>
                    <property name="left_attach">1</property>
                    <property name="right_attach">2</property>
                    <property name="top_attach">1</property>
                    <property name="bottom_attach">2</property>
                  </packing>
                </child>
                <child>
                  <object class="GtkHScale" id="input_crossover">
                    <property name="width_request">200</property>
                    <property name="visible">True</property>
                    <property name="can_focus">True</property>
                    <property name="adjustment">adjust_crossover</property>
                    <property name="digits">3</property>
                    <property name="value_pos">left</property>
                    <signal name="value_changed" handler="on_input_crossover_value_changed"/>
                  </object>
                  <packing>
                    <property name="left_attach">1</property>
                    <property name="right_attach">2</property>
                    <property name="top_attach">6</property>
                    <property name="bottom_attach">7</property>
                  </packing>
                </child>
                <child>
                  <object class="GtkLabel" id="label_mutation">
                    <property name="visible">True</property>
                    <property name="xalign">0</property>
                    <property name="xpad">10</property>
                    <property name="label" translatable="yes">Mutation probability (%)</property>
                  </object>
                  <packing>
                    <property name="top_attach">8</property>
                    <property name="bottom_attach">9</property>
                    <property name="x_options">GTK_FILL</property>
                  </packing>
                </child>
                <child>
                  <object class="GtkLabel" id="label_crossover_points">
                    <property name="visible">True</property>
                    <property name="xalign">0</property>
                    <property name="xpad">10</property>
                    <property name="label" translatable="yes">Crossover points</property>
                  </object>
                  <packing>
                    <property name="top_attach">7</property>
                    <property name="bottom_attach">8</property>
                    <property name="x_options">GTK_FILL</property>
                  </packing>
                </child>
                <child>
                  <object class="GtkHSeparator" id="hseparator1">
                    <property name="height_request">10</property>
                    <property name="visible">True</property>
                  </object>
                  <packing>
                    <property name="top_attach">4</property>
                    <property name="bottom_attach">5</property>
                  </packing>
                </child>
                <child>
                  <object class="GtkHSeparator" id="hseparator2">
                    <property name="height_request">10</property>
                    <property name="visible">True</property>
                  </object>
                  <packing>
                    <property name="left_attach">1</property>
                    <property name="right_attach">2</property>
                    <property name="top_attach">4</property>
                    <property name="bottom_attach">5</property>
                  </packing>
                </child>
                <child>
                  <object class="GtkHScale" id="input_mutation">
                    <property name="width_request">200</property>
                    <property name="visible">True</property>
                    <property name="can_focus">True</property>
                    <property name="adjustment">adjust_mutation</property>
                    <property name="digits">3</property>
                    <property name="value_pos">left</property>
                    <signal name="value_changed" handler="on_input_mutation_value_changed"/>
                  </object>
                  <packing>
                    <property name="left_attach">1</property>
                    <property name="right_attach">2</property>
                    <property name="top_attach">8</property>
                    <property name="bottom_attach">9</property>
                  </packing>
                </child>
                <child>
                  <object class="GtkLabel" id="label_crossover">
                    <property name="visible">True</property>
                    <property name="xalign">0</property>
                    <property name="xpad">10</property>
                    <property name="label" translatable="yes">Crossover (%)</property>
                  </object>
                  <packing>
                    <property name="top_attach">6</property>
                    <property name="bottom_attach">7</property>
                    <property name="x_options">GTK_FILL</property>
                  </packing>
                </child>
                <child>
                  <object class="GtkComboBox" id="input_selection_type">
                    <property name="width_request">200</property>
                    <property name="visible">True</property>
                    <signal name="changed" handler="on_input_selection_type_changed"/>
                  </object>
                  <packing>
                    <property name="left_attach">1</property>
                    <property name="right_attach">2</property>
                    <property name="top_attach">2</property>
                    <property name="bottom_attach">3</property>
                    <property name="y_options"></property>
                  </packing>
                </child>
                <child>
                  <object class="GtkSpinButton" id="input_points">
                    <property name="width_request">200</property>
                    <property name="visible">True</property>
                    <property name="can_focus">True</property>
                    <property name="invisible_char">&#x25CF;</property>
                    <property name="adjustment">adjust_points</property>
                    <property name="climb_rate">0.10000000000000001</property>
                    <property name="numeric">True</property>
                    <signal name="value_changed" handler="on_input_points_value_changed"/>
                  </object>
                  <packing>
                    <property name="left_attach">1</property>
                    <property name="right_attach">2</property>
                    <property name="top_attach">5</property>
                    <property name="bottom_attach">6</property>
                  </packing>
                </child>
                <child>
                  <object class="GtkLabel" id="label_points">
                    <property name="visible">True</property>
                    <property name="xalign">0</property>
                    <property name="xpad">10</property>
                    <property name="label" translatable="yes">Points p/ individual</property>
                  </object>
                  <packing>
                    <property name="top_attach">5</property>
                    <property name="bottom_attach">6</property>
                    <property name="x_options">GTK_FILL</property>
                  </packing>
                </child>
                <child>
                  <object class="GtkLabel" id="label_mutation_burst">
                    <property name="visible">True</property>
                    <property name="xalign">0</property>
                    <property name="xpad">10</property>
                    <property name="label" translatable="yes">Mutation Burst (%)</property>
                  </object>
                  <packing>
                    <property name="top_attach">9</property>
                    <property name="bottom_attach">10</property>
                  </packing>
                </child>
                <child>
                  <object class="GtkHScale" id="input_mutation_burst">
                    <property name="width_request">200</property>
                    <property name="visible">True</property>
                    <property name="can_focus">True</property>
                    <property name="adjustment">adjust_mutation_burst</property>
                    <property name="digits">3</property>
                    <property name="value_pos">left</property>
                    <signal name="value_changed" handler="on_input_mutation_burst_value_changed"/>
                  </object>
                  <packing>
                    <property name="left_attach">1</property>
                    <property name="right_attach">2</property>
                    <property name="top_attach">9</property>
                    <property name="bottom_attach">10</property>
                  </packing>
                </child>
                <child>
                  <object class="GtkLabel" id="label_model">
                    <property name="visible">True</property>
                    <property name="xalign">0</property>
                    <property name="xpad">10</property>
                    <property name="label" translatable="yes">Representation model</property>
                  </object>
                  <packing>
                    <property name="top_attach">3</property>
                    <property name="bottom_attach">4</property>
                    <property name="x_options">GTK_FILL</property>
                  </packing>
                </child>
                <child>
                  <object class="GtkComboBox" id="input_representation">
                    <property name="width_request">200</property>
                    <property name="visible">True</property>
                    <signal name="changed" handler="on_input_representation_changed"/>
                  </object>
                  <packing>
                    <property name="left_attach">1</property>
                    <property name="right_attach">2</property>
                    <property name="top_attach">3</property>
                    <property name="bottom_attach">4</property>
                    <property name="y_options"></property>
                  </packing>
                </child>
                <child>
                  <object class="GtkSpinButton" id="input_crossover_points">
                    <property name="width_request">200</property>
                    <property name="visible">True</property>
                    <property name="can_focus">True</property>
                    <property name="invisible_char">&#x25CF;</property>
                    <property name="adjustment">adjust_crossover_points</property>
                    <property name="climb_rate">0.10000000000000001</property>
                    <property name="numeric">True</property>
                    <signal name="value_changed" handler="on_input_crossover_points_value_changed"/>
                  </object>
                  <packing>
                    <property name="left_attach">1</property>
                    <property name="right_attach">2</property>
                    <property name="top_attach">7</property>
                    <property name="bottom_attach">8</property>
                  </packing>
                </child>
              </object>
              <packing>
                <property name="position">2</property>
              </packing>
            </child>
            <child>
              <object class="GtkHBox" id="hbox_buttons">
                <property name="visible">True</property>
                <property name="spacing">3</property>
                <property name="homogeneous">True</property>
                <child>
                  <object class="GtkButton" id="button_save">
                    <property name="label" translatable="yes">Save</property>
                    <property name="visible">True</property>
                    <property name="can_focus">True</property>
                    <property name="receives_default">True</property>
                    <signal name="clicked" handler="on_button_save_clicked"/>
                  </object>
                  <packing>
                    <property name="position">0</property>
                  </packing>
                </child>
                <child>
                  <object class="GtkButton" id="button_start_stop">
                    <property name="label" translatable="yes">START</property>
                    <property name="visible">True</property>
                    <property name="can_focus">True</property>
                    <property name="receives_default">True</property>
                    <signal name="clicked" handler="on_button_start_stop_clicked"/>
                  </object>
                  <packing>
                    <property name="position">1</property>
                  </packing>
                </child>
              </object>
              <packing>
                <property name="expand">False</property>
                <property name="pack_type">end</property>
                <property name="position">3</property>
              </packing>
            </child>
          </object>
          <packing>
            <property name="position">2</property>
          </packing>
        </child>
      </object>
    </child>
  </object>
  <object class="GtkAdjustment" id="adjust_population_size">
    <property name="value">500</property>
    <property name="upper">500</property>
    <property name="step_increment">10</property>
  </object>
  <object class="GtkAdjustment" id="adjust_elitism">
    <property name="value">10</property>
    <property name="upper">100</property>
    <property name="step_increment">0.5</property>
  </object>
  <object class="GtkAdjustment" id="adjust_points">
    <property name="value">100</property>
    <property name="upper">500</property>
    <property name="step_increment">10</property>
  </object>
  <object class="GtkAdjustment" id="adjust_crossover">
    <property name="value">5</property>
    <property name="upper">100</property>
    <property name="step_increment">0.5</property>
  </object>
  <object class="GtkAdjustment" id="adjust_crossover_len">
    <property name="value">25</property>
    <property name="upper">50</property>
    <property name="step_increment">0.5</property>
  </object>
  <object class="GtkAdjustment" id="adjust_mutation">
    <property name="value">0.5</property>
    <property name="upper">100</property>
    <property name="step_increment">0.10000000000000001</property>
    <property name="page_increment">5</property>
  </object>
  <object class="GtkAdjustment" id="adjust_mutation_y">
    <property name="value">0.5</property>
    <property name="upper">100</property>
    <property name="step_increment">0.10000000000000001</property>
  </object>
  <object class="GtkAdjustment" id="adjust_mutation_burst">
    <property name="value">50</property>
    <property name="upper">100</property>
    <property name="step_increment">0.5</property>
  </object>
  <object class="GtkAdjustment" id="adjust_Ax">
    <property name="upper">10</property>
    <property name="step_increment">0.10000000000000001</property>
    <signal name="value_changed" handler="on_adjust_Ax_value_changed"/>
  </object>
  <object class="GtkAdjustment" id="adjust_Bx">
    <property name="upper">10</property>
    <property name="step_increment">0.10000000000000001</property>
    <signal name="value_changed" handler="on_adjust_Bx_value_changed"/>
  </object>
  <object class="GtkAdjustment" id="adjust_Ay">
    <property name="upper">100</property>
    <property name="step_increment">0.5</property>
    <signal name="value_changed" handler="on_adjust_Ay_value_changed"/>
  </object>
  <object class="GtkAdjustment" id="adjust_By">
    <property name="upper">100</property>
    <property name="step_increment">0.5</property>
    <signal name="value_changed" handler="on_adjust_By_value_changed"/>
  </object>
  <object class="GtkAdjustment" id="adjust_crossover_points">
    <property name="lower">1</property>
    <property name="upper">10</property>
    <property name="step_increment">1</property>
  </object>
</interface>
